/*INSERT INTO user (id, username, email, password, created) VALUES (1, 'jimbo', 'jim@test.net', '123456', NOW());*/
/*INSERT INTO user (id, username, email, password, created) VALUES (2, 'eva', 'eva@test.net', 'passwd', NOW());*/
INSERT INTO ndb.tbl_ingredient (user_id, name, unit, calories, id) VALUES (1, 'cheese', 1, 400, 1);
INSERT INTO ndb.tbl_ingredient (user_id, name, unit, calories, id) VALUES (1, 'beef', 1, 300, 2);
INSERT INTO ndb.tbl_ingredient (user_id, name, unit, calories, id) VALUES (1, 'bacon', 1, 350, 3);
INSERT INTO ndb.tbl_ingredient (user_id, name, unit, calories, id) VALUES (2, 'yoghurt', 2, 40, 4);
INSERT INTO ndb.tbl_ingredient (user_id, name, unit, calories, id) VALUES (1, 'coffee', 2, 18, 5);
INSERT INTO ndb.tbl_ingredient (user_id, name, unit, calories, id) VALUES (1, 'broccoli', 1, 35, 6);
INSERT INTO ndb.tbl_recipe (user_id, name, id) VALUES (1, 'cheesey beef and bacon', 1);
INSERT INTO ndb.tbl_recipe (user_id, name, id) VALUES (1, 'cheesey bacon', 2);
INSERT INTO ndb.tbl_recipe (user_id, name, id) VALUES (2, 'yoghurt and coffee', 3);
INSERT INTO ndb.tbl_recipe (user_id, name, id) VALUES (2, 'yoghurt and broccoli', 4);
INSERT INTO ndb.tbl_recipe (user_id, name, id) VALUES (2, 'coffee and broccoli', 5);
INSERT INTO ndb.tbl_recipe_has_ingredient (recipe_id, ingredient_id, amount) VALUES (1, 1, 25);
INSERT INTO ndb.tbl_recipe_has_ingredient (recipe_id, ingredient_id, amount) VALUES (1, 2, 50);
INSERT INTO ndb.tbl_recipe_has_ingredient (recipe_id, ingredient_id, amount) VALUES (1, 3, 25);
INSERT INTO ndb.tbl_recipe_has_ingredient (recipe_id, ingredient_id, amount) VALUES (2, 1, 25);
INSERT INTO ndb.tbl_recipe_has_ingredient (recipe_id, ingredient_id, amount) VALUES (2, 3, 30);
INSERT INTO ndb.tbl_recipe_has_ingredient (recipe_id, ingredient_id, amount) VALUES (3, 4, 100);
INSERT INTO ndb.tbl_recipe_has_ingredient (recipe_id, ingredient_id, amount) VALUES (3, 5, 200);
INSERT INTO ndb.tbl_recipe_has_ingredient (recipe_id, ingredient_id, amount) VALUES (4, 4, 100);
INSERT INTO ndb.tbl_recipe_has_ingredient (recipe_id, ingredient_id, amount) VALUES (4, 6, 100);
INSERT INTO ndb.tbl_recipe_has_ingredient (recipe_id, ingredient_id, amount) VALUES (5, 5, 200);
INSERT INTO ndb.tbl_recipe_has_ingredient (recipe_id, ingredient_id, amount) VALUES (5, 6, 125);
INSERT INTO ndb.tbl_meal (user_id, id, name, time) VALUES (1, 1, 'cheesy beef and bacon extra cheese', NOW());
INSERT INTO ndb.tbl_meal (user_id, id, name, time) VALUES (2, 2, 'yoghurt and coffee and coffee and broc', NOW());
INSERT INTO ndb.tbl_meal (user_id, id, name, time) VALUES (2, 3, 'yoghurt and broc, then coffee', NOW());
INSERT INTO ndb.tbl_meal_has_ingredient (meal_id, ingredient_id, amount) VALUES (1, 1, 30);
INSERT INTO ndb.tbl_meal_has_recipe (meal_id, recipe_id, amount) VALUES (1, 1, 0.8);
INSERT INTO ndb.tbl_meal_has_recipe (meal_id, recipe_id, amount) VALUES (2, 5, 0.5);
INSERT INTO ndb.tbl_meal_has_recipe (meal_id, recipe_id, amount) VALUES (2, 3, 1.0);
INSERT INTO ndb.tbl_meal_has_recipe (meal_id, recipe_id, amount) VALUES (3, 4, 1.0);
INSERT INTO ndb.tbl_meal_has_ingredient (meal_id, ingredient_id, amount) VALUES (3, 5, 250);
